level,year,name,value,adj_factor,adj_value
state,1990,Connecticut,41721,1.8241536129358262,76106
counties,1990,Fairfield County,49891,1.8241536129358262,91009
counties,1990,Hartford County,40609,1.8241536129358262,74077
counties,1990,Litchfield County,42565,1.8241536129358262,77645
counties,1990,Middlesex County,43212,1.8241536129358262,78825
counties,1990,New Haven County,38471,1.8241536129358262,70177
counties,1990,New London County,37488,1.8241536129358262,68384
counties,1990,Tolland County,45019,1.8241536129358262,82122
counties,1990,Windham County,33851,1.8241536129358262,61749
towns,1990,Bethel,53761,1.8241536129358262,98068
towns,1990,Bridgeport,28704,1.8241536129358262,52361
towns,1990,Brookfield,60054,1.8241536129358262,109548
towns,1990,Danbury,43832,1.8241536129358262,79956
towns,1990,Darien,89395,1.8241536129358262,163070
towns,1990,Easton,75236,1.8241536129358262,137242
towns,1990,Fairfield,55752,1.8241536129358262,101700
towns,1990,Greenwich,65072,1.8241536129358262,118701
towns,1990,Monroe,59967,1.8241536129358262,109389
towns,1990,New Canaan,91951,1.8241536129358262,167733
towns,1990,New Fairfield,60161,1.8241536129358262,109743
towns,1990,Newtown,60830,1.8241536129358262,110963
towns,1990,Norwalk,48171,1.8241536129358262,87871
towns,1990,Redding,76332,1.8241536129358262,139241
towns,1990,Ridgefield,74271,1.8241536129358262,135482
towns,1990,Shelton,49965,1.8241536129358262,91144
towns,1990,Sherman,62124,1.8241536129358262,113324
towns,1990,Stamford,49787,1.8241536129358262,90819
towns,1990,Stratford,41745,1.8241536129358262,76149
towns,1990,Trumbull,60634,1.8241536129358262,110606
towns,1990,Weston,104482,1.8241536129358262,190591
towns,1990,Westport,81957,1.8241536129358262,149502
towns,1990,Wilton,87686,1.8241536129358262,159953
towns,1990,Avon,66602,1.8241536129358262,121492
towns,1990,Berlin,49004,1.8241536129358262,89391
towns,1990,Bloomfield,47853,1.8241536129358262,87291
towns,1990,Bristol,38261,1.8241536129358262,69794
towns,1990,Burlington,56937,1.8241536129358262,103862
towns,1990,Canton,53449,1.8241536129358262,97499
towns,1990,East Granby,52317,1.8241536129358262,95434
towns,1990,East Hartford,36584,1.8241536129358262,66735
towns,1990,East Windsor,40888,1.8241536129358262,74586
towns,1990,Enfield,44635,1.8241536129358262,81421
towns,1990,Farmington,52979,1.8241536129358262,96642
towns,1990,Glastonbury,57464,1.8241536129358262,104823
towns,1990,Granby,58839,1.8241536129358262,107331
towns,1990,Hartford,22140,1.8241536129358262,40387
towns,1990,Hartland,47105,1.8241536129358262,85927
towns,1990,Manchester,40290,1.8241536129358262,73495
towns,1990,Marlborough,60635,1.8241536129358262,110608
towns,1990,New Britain,30121,1.8241536129358262,54945
towns,1990,Newington,45481,1.8241536129358262,82964
towns,1990,Plainville,38432,1.8241536129358262,70106
towns,1990,Rocky Hill,48125,1.8241536129358262,87787
towns,1990,Simsbury,64538,1.8241536129358262,117727
towns,1990,Southington,47106,1.8241536129358262,85929
towns,1990,South Windsor,57606,1.8241536129358262,105082
towns,1990,Suffield,50714,1.8241536129358262,92510
towns,1990,West Hartford,49642,1.8241536129358262,90555
towns,1990,Wethersfield,43888,1.8241536129358262,80058
towns,1990,Windsor,50228,1.8241536129358262,91624
towns,1990,Windsor Locks,43593,1.8241536129358262,79520
towns,1990,Barkhamsted,53884,1.8241536129358262,98293
towns,1990,Bethlehem,47986,1.8241536129358262,87534
towns,1990,Bridgewater,59688,1.8241536129358262,108880
towns,1990,Canaan,35950,1.8241536129358262,65578
towns,1990,Colebrook,44152,1.8241536129358262,80540
towns,1990,Cornwall,38937,1.8241536129358262,71027
towns,1990,Goshen,45417,1.8241536129358262,82848
towns,1990,Harwinton,49926,1.8241536129358262,91073
towns,1990,Kent,42029,1.8241536129358262,76667
towns,1990,Litchfield,45819,1.8241536129358262,83581
towns,1990,Morris,41625,1.8241536129358262,75930
towns,1990,New Hartford,50338,1.8241536129358262,91824
towns,1990,New Milford,49975,1.8241536129358262,91162
towns,1990,Norfolk,41917,1.8241536129358262,76463
towns,1990,North Canaan,35922,1.8241536129358262,65527
towns,1990,Plymouth,41325,1.8241536129358262,75383
towns,1990,Roxbury,51633,1.8241536129358262,94187
towns,1990,Salisbury,41141,1.8241536129358262,75048
towns,1990,Sharon,41500,1.8241536129358262,75702
towns,1990,Thomaston,40851,1.8241536129358262,74518
towns,1990,Torrington,35230,1.8241536129358262,64265
towns,1990,Warren,46875,1.8241536129358262,85507
towns,1990,Washington,48704,1.8241536129358262,88844
towns,1990,Watertown,45763,1.8241536129358262,83479
towns,1990,Winchester,37831,1.8241536129358262,69010
towns,1990,Woodbury,50326,1.8241536129358262,91802
towns,1990,Chester,43698,1.8241536129358262,79712
towns,1990,Clinton,45884,1.8241536129358262,83699
towns,1990,Cromwell,46970,1.8241536129358262,85680
towns,1990,Deep River,39560,1.8241536129358262,72164
towns,1990,Durham,55684,1.8241536129358262,101576
towns,1990,East Haddam,44245,1.8241536129358262,80710
towns,1990,East Hampton,48000,1.8241536129358262,87559
towns,1990,Essex,45033,1.8241536129358262,82147
towns,1990,Haddam,51655,1.8241536129358262,94227
towns,1990,Killingworth,51128,1.8241536129358262,93265
towns,1990,Middlefield,46491,1.8241536129358262,84807
towns,1990,Middletown,37644,1.8241536129358262,68668
towns,1990,Old Saybrook,48223,1.8241536129358262,87966
towns,1990,Portland,46581,1.8241536129358262,84971
towns,1990,Westbrook,37534,1.8241536129358262,68468
towns,1990,Ansonia,34181,1.8241536129358262,62351
towns,1990,Beacon Falls,43644,1.8241536129358262,79613
towns,1990,Bethany,57316,1.8241536129358262,104553
towns,1990,Branford,43578,1.8241536129358262,79493
towns,1990,Cheshire,58250,1.8241536129358262,106257
towns,1990,Derby,35808,1.8241536129358262,65319
towns,1990,East Haven,37220,1.8241536129358262,67895
towns,1990,Guilford,56115,1.8241536129358262,102362
towns,1990,Hamden,41814,1.8241536129358262,76275
towns,1990,Madison,61871,1.8241536129358262,112862
towns,1990,Meriden,36211,1.8241536129358262,66054
towns,1990,Middlebury,49524,1.8241536129358262,90339
towns,1990,Milford,44142,1.8241536129358262,80522
towns,1990,Naugatuck,39902,1.8241536129358262,72787
towns,1990,New Haven,25811,1.8241536129358262,47083
towns,1990,North Branford,50798,1.8241536129358262,92663
towns,1990,North Haven,49148,1.8241536129358262,89654
towns,1990,Orange,62021,1.8241536129358262,113136
towns,1990,Oxford,54448,1.8241536129358262,99322
towns,1990,Prospect,48455,1.8241536129358262,88389
towns,1990,Seymour,39864,1.8241536129358262,72718
towns,1990,Southbury,47335,1.8241536129358262,86346
towns,1990,Wallingford,42783,1.8241536129358262,78043
towns,1990,Waterbury,30533,1.8241536129358262,55697
towns,1990,West Haven,35723,1.8241536129358262,65164
towns,1990,Wolcott,48507,1.8241536129358262,88484
towns,1990,Woodbridge,70670,1.8241536129358262,128913
towns,1990,Bozrah,43553,1.8241536129358262,79447
towns,1990,Colchester,46389,1.8241536129358262,84621
towns,1990,East Lyme,46979,1.8241536129358262,85697
towns,1990,Franklin,41780,1.8241536129358262,76213
towns,1990,Griswold,32904,1.8241536129358262,60022
towns,1990,Groton,33967,1.8241536129358262,61961
towns,1990,Lebanon,43983,1.8241536129358262,80232
towns,1990,Ledyard,49811,1.8241536129358262,90863
towns,1990,Lisbon,38192,1.8241536129358262,69668
towns,1990,Lyme,45848,1.8241536129358262,83634
towns,1990,Montville,42140,1.8241536129358262,76870
towns,1990,New London,26336,1.8241536129358262,48041
towns,1990,North Stonington,47070,1.8241536129358262,85863
towns,1990,Norwich,29354,1.8241536129358262,53546
towns,1990,Old Lyme,50813,1.8241536129358262,92691
towns,1990,Preston,42823,1.8241536129358262,78116
towns,1990,Salem,49278,1.8241536129358262,89891
towns,1990,Sprague,38247,1.8241536129358262,69768
towns,1990,Stonington,39651,1.8241536129358262,72330
towns,1990,Voluntown,35699,1.8241536129358262,65120
towns,1990,Waterford,44167,1.8241536129358262,80567
towns,1990,Andover,48289,1.8241536129358262,88087
towns,1990,Bolton,51351,1.8241536129358262,93672
towns,1990,Columbia,53744,1.8241536129358262,98037
towns,1990,Coventry,46426,1.8241536129358262,84688
towns,1990,Ellington,45604,1.8241536129358262,83189
towns,1990,Hebron,56093,1.8241536129358262,102322
towns,1990,Mansfield,38591,1.8241536129358262,70396
towns,1990,Somers,52970,1.8241536129358262,96625
towns,1990,Stafford,39084,1.8241536129358262,71295
towns,1990,Tolland,56120,1.8241536129358262,102372
towns,1990,Union,42045,1.8241536129358262,76697
towns,1990,Vernon,40543,1.8241536129358262,73957
towns,1990,Willington,41826,1.8241536129358262,76297
towns,1990,Ashford,39701,1.8241536129358262,72421
towns,1990,Brooklyn,37026,1.8241536129358262,67541
towns,1990,Canterbury,41327,1.8241536129358262,75387
towns,1990,Chaplin,40932,1.8241536129358262,74666
towns,1990,Eastford,37933,1.8241536129358262,69196
towns,1990,Hampton,41452,1.8241536129358262,75615
towns,1990,Killingly,32032,1.8241536129358262,58431
towns,1990,Plainfield,34588,1.8241536129358262,63094
towns,1990,Pomfret,40653,1.8241536129358262,74157
towns,1990,Putnam,27837,1.8241536129358262,50779
towns,1990,Scotland,41346,1.8241536129358262,75421
towns,1990,Sterling,32905,1.8241536129358262,60024
towns,1990,Thompson,34956,1.8241536129358262,63765
towns,1990,Windham,29135,1.8241536129358262,53147
towns,1990,Woodstock,43352,1.8241536129358262,79081
state,2000,Connecticut,53935,1.4274416765519968,76989
counties,2000,Fairfield County,65249,1.4274416765519968,93139
counties,2000,Hartford County,50756,1.4274416765519968,72451
counties,2000,Litchfield County,56273,1.4274416765519968,80326
counties,2000,Middlesex County,59175,1.4274416765519968,84469
counties,2000,New Haven County,48834,1.4274416765519968,69708
counties,2000,New London County,50646,1.4274416765519968,72294
counties,2000,Tolland County,59044,1.4274416765519968,84282
counties,2000,Windham County,45115,1.4274416765519968,64399
towns,2000,Bethel,68891,1.4274416765519968,98338
towns,2000,Bridgeport,34658,1.4274416765519968,49472
towns,2000,Brookfield,82706,1.4274416765519968,118058
towns,2000,Danbury,53664,1.4274416765519968,76602
towns,2000,Darien,146755,1.4274416765519968,209484
towns,2000,Easton,125557,1.4274416765519968,179225
towns,2000,Fairfield,83512,1.4274416765519968,119209
towns,2000,Greenwich,99086,1.4274416765519968,141439
towns,2000,Monroe,85000,1.4274416765519968,121333
towns,2000,New Canaan,141788,1.4274416765519968,202394
towns,2000,New Fairfield,84375,1.4274416765519968,120440
towns,2000,Newtown,90193,1.4274416765519968,128745
towns,2000,Norwalk,59839,1.4274416765519968,85417
towns,2000,Redding,104137,1.4274416765519968,148649
towns,2000,Ridgefield,107351,1.4274416765519968,153237
towns,2000,Shelton,67292,1.4274416765519968,96055
towns,2000,Sherman,76202,1.4274416765519968,108774
towns,2000,Stamford,60556,1.4274416765519968,86440
towns,2000,Stratford,53494,1.4274416765519968,76360
towns,2000,Trumbull,79507,1.4274416765519968,113492
towns,2000,Weston,146697,1.4274416765519968,209401
towns,2000,Westport,119872,1.4274416765519968,171110
towns,2000,Wilton,141428,1.4274416765519968,201880
towns,2000,Avon,90934,1.4274416765519968,129803
towns,2000,Berlin,68068,1.4274416765519968,97163
towns,2000,Bloomfield,53812,1.4274416765519968,76813
towns,2000,Bristol,47422,1.4274416765519968,67692
towns,2000,Burlington,82711,1.4274416765519968,118065
towns,2000,Canton,65013,1.4274416765519968,92802
towns,2000,East Granby,68696,1.4274416765519968,98060
towns,2000,East Hartford,41424,1.4274416765519968,59130
towns,2000,East Windsor,51092,1.4274416765519968,72931
towns,2000,Enfield,52810,1.4274416765519968,75383
towns,2000,Farmington,67073,1.4274416765519968,95743
towns,2000,Glastonbury,80660,1.4274416765519968,115137
towns,2000,Granby,81151,1.4274416765519968,115838
towns,2000,Hartford,24820,1.4274416765519968,35429
towns,2000,Hartland,64674,1.4274416765519968,92318
towns,2000,Manchester,49426,1.4274416765519968,70553
towns,2000,Marlborough,80265,1.4274416765519968,114574
towns,2000,New Britain,34185,1.4274416765519968,48797
towns,2000,Newington,57118,1.4274416765519968,81533
towns,2000,Plainville,48136,1.4274416765519968,68711
towns,2000,Rocky Hill,60247,1.4274416765519968,85999
towns,2000,Simsbury,82996,1.4274416765519968,118472
towns,2000,Southington,60538,1.4274416765519968,86414
towns,2000,South Windsor,73990,1.4274416765519968,105616
towns,2000,Suffield,66698,1.4274416765519968,95208
towns,2000,West Hartford,61665,1.4274416765519968,88023
towns,2000,Wethersfield,53289,1.4274416765519968,76067
towns,2000,Windsor,64137,1.4274416765519968,91552
towns,2000,Windsor Locks,48837,1.4274416765519968,69712
towns,2000,Barkhamsted,65972,1.4274416765519968,94171
towns,2000,Bethlehem,68542,1.4274416765519968,97840
towns,2000,Bridgewater,80420,1.4274416765519968,114795
towns,2000,Canaan,54688,1.4274416765519968,78064
towns,2000,Colebrook,58684,1.4274416765519968,83768
towns,2000,Cornwall,54886,1.4274416765519968,78347
towns,2000,Goshen,64432,1.4274416765519968,91973
towns,2000,Harwinton,66222,1.4274416765519968,94528
towns,2000,Kent,53906,1.4274416765519968,76948
towns,2000,Litchfield,58418,1.4274416765519968,83388
towns,2000,Morris,58050,1.4274416765519968,82863
towns,2000,New Hartford,69321,1.4274416765519968,98952
towns,2000,New Milford,65354,1.4274416765519968,93289
towns,2000,Norfolk,58906,1.4274416765519968,84085
towns,2000,North Canaan,39020,1.4274416765519968,55699
towns,2000,Plymouth,53750,1.4274416765519968,76725
towns,2000,Roxbury,87794,1.4274416765519968,125321
towns,2000,Salisbury,53051,1.4274416765519968,75727
towns,2000,Sharon,53000,1.4274416765519968,75654
towns,2000,Thomaston,54297,1.4274416765519968,77506
towns,2000,Torrington,41841,1.4274416765519968,59726
towns,2000,Warren,62798,1.4274416765519968,89640
towns,2000,Washington,65288,1.4274416765519968,93195
towns,2000,Watertown,59420,1.4274416765519968,84819
towns,2000,Winchester,46671,1.4274416765519968,66620
towns,2000,Woodbury,68322,1.4274416765519968,97526
towns,2000,Chester,65156,1.4274416765519968,93006
towns,2000,Clinton,60471,1.4274416765519968,86319
towns,2000,Cromwell,60662,1.4274416765519968,86591
towns,2000,Deep River,51677,1.4274416765519968,73766
towns,2000,Durham,77639,1.4274416765519968,110825
towns,2000,East Haddam,62304,1.4274416765519968,88935
towns,2000,East Hampton,66326,1.4274416765519968,94676
towns,2000,Essex,66746,1.4274416765519968,95276
towns,2000,Haddam,78571,1.4274416765519968,112156
towns,2000,Killingworth,80805,1.4274416765519968,115344
towns,2000,Middlefield,59448,1.4274416765519968,84859
towns,2000,Middletown,47162,1.4274416765519968,67321
towns,2000,Old Saybrook,62742,1.4274416765519968,89561
towns,2000,Portland,63285,1.4274416765519968,90336
towns,2000,Westbrook,57531,1.4274416765519968,82122
towns,2000,Ansonia,43026,1.4274416765519968,61417
towns,2000,Beacon Falls,56592,1.4274416765519968,80782
towns,2000,Bethany,74898,1.4274416765519968,106913
towns,2000,Branford,58009,1.4274416765519968,82804
towns,2000,Cheshire,80466,1.4274416765519968,114861
towns,2000,Derby,45670,1.4274416765519968,65191
towns,2000,East Haven,47930,1.4274416765519968,68417
towns,2000,Guilford,76843,1.4274416765519968,109689
towns,2000,Hamden,52351,1.4274416765519968,74728
towns,2000,Madison,87497,1.4274416765519968,124897
towns,2000,Meriden,43237,1.4274416765519968,61718
towns,2000,Middlebury,70469,1.4274416765519968,100590
towns,2000,Milford,61183,1.4274416765519968,87335
towns,2000,Naugatuck,51247,1.4274416765519968,73152
towns,2000,New Haven,29604,1.4274416765519968,42258
towns,2000,North Branford,64438,1.4274416765519968,91981
towns,2000,North Haven,65703,1.4274416765519968,93787
towns,2000,Orange,79365,1.4274416765519968,113289
towns,2000,Oxford,77126,1.4274416765519968,110093
towns,2000,Prospect,67560,1.4274416765519968,96438
towns,2000,Seymour,52408,1.4274416765519968,74809
towns,2000,Southbury,61919,1.4274416765519968,88386
towns,2000,Wallingford,57308,1.4274416765519968,81804
towns,2000,Waterbury,34285,1.4274416765519968,48940
towns,2000,West Haven,42393,1.4274416765519968,60514
towns,2000,Wolcott,61376,1.4274416765519968,87611
towns,2000,Woodbridge,102121,1.4274416765519968,145772
towns,2000,Bozrah,57059,1.4274416765519968,81448
towns,2000,Colchester,64807,1.4274416765519968,92508
towns,2000,East Lyme,66539,1.4274416765519968,94981
towns,2000,Franklin,62083,1.4274416765519968,88620
towns,2000,Griswold,50156,1.4274416765519968,71595
towns,2000,Groton,46154,1.4274416765519968,65882
towns,2000,Lebanon,61173,1.4274416765519968,87321
towns,2000,Ledyard,62647,1.4274416765519968,89425
towns,2000,Lisbon,55149,1.4274416765519968,78722
towns,2000,Lyme,73250,1.4274416765519968,104560
towns,2000,Montville,55086,1.4274416765519968,78632
towns,2000,New London,33809,1.4274416765519968,48260
towns,2000,North Stonington,57887,1.4274416765519968,82630
towns,2000,Norwich,39181,1.4274416765519968,55929
towns,2000,Old Lyme,68386,1.4274416765519968,97617
towns,2000,Preston,54942,1.4274416765519968,78427
towns,2000,Salem,68750,1.4274416765519968,98137
towns,2000,Sprague,43125,1.4274416765519968,61558
towns,2000,Stonington,52437,1.4274416765519968,74851
towns,2000,Voluntown,56802,1.4274416765519968,81082
towns,2000,Waterford,56047,1.4274416765519968,80004
towns,2000,Andover,67452,1.4274416765519968,96284
towns,2000,Bolton,67394,1.4274416765519968,96201
towns,2000,Columbia,70208,1.4274416765519968,100218
towns,2000,Coventry,64680,1.4274416765519968,92327
towns,2000,Ellington,62405,1.4274416765519968,89079
towns,2000,Hebron,75138,1.4274416765519968,107255
towns,2000,Mansfield,48888,1.4274416765519968,69785
towns,2000,Somers,65273,1.4274416765519968,93173
towns,2000,Stafford,52699,1.4274416765519968,75225
towns,2000,Tolland,77398,1.4274416765519968,110481
towns,2000,Union,58214,1.4274416765519968,83097
towns,2000,Vernon,47816,1.4274416765519968,68255
towns,2000,Willington,51690,1.4274416765519968,73784
towns,2000,Ashford,55000,1.4274416765519968,78509
towns,2000,Brooklyn,49756,1.4274416765519968,71024
towns,2000,Canterbury,55547,1.4274416765519968,79290
towns,2000,Chaplin,51602,1.4274416765519968,73659
towns,2000,Eastford,57159,1.4274416765519968,81591
towns,2000,Hampton,54464,1.4274416765519968,77744
towns,2000,Killingly,41087,1.4274416765519968,58649
towns,2000,Plainfield,42851,1.4274416765519968,61167
towns,2000,Pomfret,57938,1.4274416765519968,82703
towns,2000,Putnam,43010,1.4274416765519968,61394
towns,2000,Scotland,56848,1.4274416765519968,81147
towns,2000,Sterling,49167,1.4274416765519968,70183
towns,2000,Thompson,46065,1.4274416765519968,65755
towns,2000,Windham,35087,1.4274416765519968,50085
towns,2000,Woodstock,55313,1.4274416765519968,78956
state,2010,Connecticut,67740,1.126716604244694,76324
counties,2010,Fairfield County,81268,1.126716604244694,91566
counties,2010,Hartford County,62590,1.126716604244694,70521
counties,2010,Litchfield County,69639,1.126716604244694,78463
counties,2010,Middlesex County,74906,1.126716604244694,84398
counties,2010,New Haven County,61114,1.126716604244694,68858
counties,2010,New London County,65419,1.126716604244694,73709
counties,2010,Tolland County,77175,1.126716604244694,86954
counties,2010,Windham County,59370,1.126716604244694,66893
towns,2010,Bethel,83483,1.126716604244694,94062
towns,2010,Bridgeport,41047,1.126716604244694,46248
towns,2010,Brookfield,109008,1.126716604244694,122821
towns,2010,Danbury,65275,1.126716604244694,73546
towns,2010,Darien,175766,1.126716604244694,198038
towns,2010,Easton,140370,1.126716604244694,158157
towns,2010,Fairfield,113248,1.126716604244694,127598
towns,2010,Greenwich,124958,1.126716604244694,140792
towns,2010,Monroe,109727,1.126716604244694,123631
towns,2010,New Canaan,179338,1.126716604244694,202063
towns,2010,New Fairfield,101067,1.126716604244694,113874
towns,2010,Newtown,108148,1.126716604244694,121852
towns,2010,Norwalk,76161,1.126716604244694,85812
towns,2010,Redding,130557,1.126716604244694,147101
towns,2010,Ridgefield,132907,1.126716604244694,149749
towns,2010,Shelton,80656,1.126716604244694,90876
towns,2010,Sherman,115417,1.126716604244694,130042
towns,2010,Stamford,75579,1.126716604244694,85156
towns,2010,Stratford,67530,1.126716604244694,76087
towns,2010,Trumbull,102059,1.126716604244694,114992
towns,2010,Weston,209630,1.126716604244694,236194
towns,2010,Westport,150771,1.126716604244694,169876
towns,2010,Wilton,153770,1.126716604244694,173255
towns,2010,Avon,105116,1.126716604244694,118436
towns,2010,Berlin,86211,1.126716604244694,97135
towns,2010,Bloomfield,68372,1.126716604244694,77036
towns,2010,Bristol,58537,1.126716604244694,65955
towns,2010,Burlington,115341,1.126716604244694,129957
towns,2010,Canton,87643,1.126716604244694,98749
towns,2010,East Granby,77596,1.126716604244694,87429
towns,2010,East Hartford,48613,1.126716604244694,54773
towns,2010,East Windsor,64301,1.126716604244694,72449
towns,2010,Enfield,67402,1.126716604244694,75943
towns,2010,Farmington,85417,1.126716604244694,96241
towns,2010,Glastonbury,102482,1.126716604244694,115468
towns,2010,Granby,97500,1.126716604244694,109855
towns,2010,Hartford,28970,1.126716604244694,32641
towns,2010,Hartland,85956,1.126716604244694,96848
towns,2010,Manchester,61571,1.126716604244694,69373
towns,2010,Marlborough,108232,1.126716604244694,121947
towns,2010,New Britain,39706,1.126716604244694,44737
towns,2010,Newington,69085,1.126716604244694,77839
towns,2010,Plainville,63447,1.126716604244694,71487
towns,2010,Rocky Hill,72417,1.126716604244694,81593
towns,2010,Simsbury,113224,1.126716604244694,127571
towns,2010,Southington,77673,1.126716604244694,87515
towns,2010,South Windsor,88350,1.126716604244694,99545
towns,2010,Suffield,90023,1.126716604244694,101430
towns,2010,West Hartford,78530,1.126716604244694,88481
towns,2010,Wethersfield,71284,1.126716604244694,80317
towns,2010,Windsor,78695,1.126716604244694,88667
towns,2010,Windsor Locks,59369,1.126716604244694,66892
towns,2010,Barkhamsted,87656,1.126716604244694,98763
towns,2010,Bethlehem,82899,1.126716604244694,93404
towns,2010,Bridgewater,86607,1.126716604244694,97582
towns,2010,Canaan,54219,1.126716604244694,61089
towns,2010,Colebrook,72000,1.126716604244694,81124
towns,2010,Cornwall,80179,1.126716604244694,90339
towns,2010,Goshen,76705,1.126716604244694,86425
towns,2010,Harwinton,85253,1.126716604244694,96056
towns,2010,Kent,68481,1.126716604244694,77159
towns,2010,Litchfield,78750,1.126716604244694,88729
towns,2010,Morris,81583,1.126716604244694,91921
towns,2010,New Hartford,80718,1.126716604244694,90946
towns,2010,New Milford,84824,1.126716604244694,95573
towns,2010,Norfolk,85526,1.126716604244694,96364
towns,2010,North Canaan,46417,1.126716604244694,52299
towns,2010,Plymouth,71630,1.126716604244694,80707
towns,2010,Roxbury,97768,1.126716604244694,110157
towns,2010,Salisbury,63587,1.126716604244694,71645
towns,2010,Sharon,70104,1.126716604244694,78987
towns,2010,Thomaston,63990,1.126716604244694,72099
towns,2010,Torrington,48409,1.126716604244694,54543
towns,2010,Warren,87857,1.126716604244694,98990
towns,2010,Washington,67417,1.126716604244694,75960
towns,2010,Watertown,77771,1.126716604244694,87626
towns,2010,Winchester,57958,1.126716604244694,65302
towns,2010,Woodbury,80595,1.126716604244694,90808
towns,2010,Chester,80185,1.126716604244694,90346
towns,2010,Clinton,74174,1.126716604244694,83573
towns,2010,Cromwell,82012,1.126716604244694,92404
towns,2010,Deep River,65250,1.126716604244694,73518
towns,2010,Durham,105417,1.126716604244694,118775
towns,2010,East Haddam,82695,1.126716604244694,93174
towns,2010,East Hampton,88281,1.126716604244694,99468
towns,2010,Essex,87480,1.126716604244694,98565
towns,2010,Haddam,86179,1.126716604244694,97099
towns,2010,Killingworth,99500,1.126716604244694,112108
towns,2010,Middlefield,80392,1.126716604244694,90579
towns,2010,Middletown,57655,1.126716604244694,64961
towns,2010,Old Saybrook,79985,1.126716604244694,90120
towns,2010,Portland,86661,1.126716604244694,97642
towns,2010,Westbrook,61069,1.126716604244694,68807
towns,2010,Ansonia,56541,1.126716604244694,63706
towns,2010,Beacon Falls,81214,1.126716604244694,91505
towns,2010,Bethany,113720,1.126716604244694,128130
towns,2010,Branford,70640,1.126716604244694,79591
towns,2010,Cheshire,107936,1.126716604244694,121613
towns,2010,Derby,52029,1.126716604244694,58622
towns,2010,East Haven,59918,1.126716604244694,67511
towns,2010,Guilford,98411,1.126716604244694,110881
towns,2010,Hamden,66695,1.126716604244694,75146
towns,2010,Madison,108175,1.126716604244694,121883
towns,2010,Meriden,53873,1.126716604244694,60700
towns,2010,Middlebury,100866,1.126716604244694,113647
towns,2010,Milford,76973,1.126716604244694,86727
towns,2010,Naugatuck,59393,1.126716604244694,66919
towns,2010,New Haven,38963,1.126716604244694,43900
towns,2010,North Branford,80618,1.126716604244694,90834
towns,2010,North Haven,83588,1.126716604244694,94180
towns,2010,Orange,102255,1.126716604244694,115212
towns,2010,Oxford,107500,1.126716604244694,121122
towns,2010,Prospect,86526,1.126716604244694,97490
towns,2010,Seymour,71719,1.126716604244694,80807
towns,2010,Southbury,68041,1.126716604244694,76663
towns,2010,Wallingford,71317,1.126716604244694,80354
towns,2010,Waterbury,40254,1.126716604244694,45355
towns,2010,West Haven,51854,1.126716604244694,58425
towns,2010,Wolcott,78882,1.126716604244694,88878
towns,2010,Woodbridge,127237,1.126716604244694,143360
towns,2010,Bozrah,75000,1.126716604244694,84504
towns,2010,Colchester,92431,1.126716604244694,104144
towns,2010,East Lyme,79815,1.126716604244694,89929
towns,2010,Franklin,74226,1.126716604244694,83632
towns,2010,Griswold,59295,1.126716604244694,66809
towns,2010,Groton,56904,1.126716604244694,64115
towns,2010,Lebanon,72431,1.126716604244694,81609
towns,2010,Ledyard,85321,1.126716604244694,96133
towns,2010,Lisbon,77872,1.126716604244694,87740
towns,2010,Lyme,88500,1.126716604244694,99714
towns,2010,Montville,65349,1.126716604244694,73630
towns,2010,New London,43551,1.126716604244694,49070
towns,2010,North Stonington,88869,1.126716604244694,100130
towns,2010,Norwich,52186,1.126716604244694,58799
towns,2010,Old Lyme,92024,1.126716604244694,103685
towns,2010,Preston,77377,1.126716604244694,87182
towns,2010,Salem,95000,1.126716604244694,107038
towns,2010,Sprague,68241,1.126716604244694,76888
towns,2010,Stonington,72445,1.126716604244694,81625
towns,2010,Voluntown,73980,1.126716604244694,83354
towns,2010,Waterford,69810,1.126716604244694,78656
towns,2010,Andover,84274,1.126716604244694,94953
towns,2010,Bolton,89432,1.126716604244694,100765
towns,2010,Columbia,85893,1.126716604244694,96777
towns,2010,Coventry,86244,1.126716604244694,97173
towns,2010,Ellington,81582,1.126716604244694,91920
towns,2010,Hebron,108444,1.126716604244694,122186
towns,2010,Mansfield,65839,1.126716604244694,74182
towns,2010,Somers,98977,1.126716604244694,111519
towns,2010,Stafford,64494,1.126716604244694,72666
towns,2010,Tolland,99764,1.126716604244694,112406
towns,2010,Union,79911,1.126716604244694,90037
towns,2010,Vernon,61103,1.126716604244694,68846
towns,2010,Willington,62500,1.126716604244694,70420
towns,2010,Ashford,69407,1.126716604244694,78202
towns,2010,Brooklyn,68851,1.126716604244694,77576
towns,2010,Canterbury,70902,1.126716604244694,79886
towns,2010,Chaplin,62679,1.126716604244694,70621
towns,2010,Eastford,76786,1.126716604244694,86516
towns,2010,Hampton,79943,1.126716604244694,90073
towns,2010,Killingly,53192,1.126716604244694,59932
towns,2010,Plainfield,61500,1.126716604244694,69293
towns,2010,Pomfret,68278,1.126716604244694,76930
towns,2010,Putnam,51180,1.126716604244694,57665
towns,2010,Scotland,75417,1.126716604244694,84974
towns,2010,Sterling,64500,1.126716604244694,72673
towns,2010,Thompson,60951,1.126716604244694,68675
towns,2010,Windham,40063,1.126716604244694,45140
towns,2010,Woodstock,74000,1.126716604244694,83377
state,2017,Connecticut,73781,1,73781
counties,2017,Fairfield County,89773,1,89773
counties,2017,Hartford County,69936,1,69936
counties,2017,Litchfield County,76438,1,76438
counties,2017,Middlesex County,81673,1,81673
counties,2017,New Haven County,64872,1,64872
counties,2017,New London County,69411,1,69411
counties,2017,Tolland County,81312,1,81312
counties,2017,Windham County,62553,1,62553
towns,2017,Bethel,97289,1,97289
towns,2017,Bridgeport,44841,1,44841
towns,2017,Brookfield,113009,1,113009
towns,2017,Danbury,68068,1,68068
towns,2017,Darien,208848,1,208848
towns,2017,Easton,136786,1,136786
towns,2017,Fairfield,127746,1,127746
towns,2017,Greenwich,138180,1,138180
towns,2017,Monroe,109631,1,109631
towns,2017,New Canaan,174677,1,174677
towns,2017,New Fairfield,104402,1,104402
towns,2017,Newtown,115137,1,115137
towns,2017,Norwalk,81546,1,81546
towns,2017,Redding,129763,1,129763
towns,2017,Ridgefield,151399,1,151399
towns,2017,Shelton,89250,1,89250
towns,2017,Sherman,113636,1,113636
towns,2017,Stamford,84893,1,84893
towns,2017,Stratford,72757,1,72757
towns,2017,Trumbull,115346,1,115346
towns,2017,Weston,219868,1,219868
towns,2017,Westport,181360,1,181360
towns,2017,Wilton,180313,1,180313
towns,2017,Avon,125536,1,125536
towns,2017,Berlin,93328,1,93328
towns,2017,Bloomfield,73593,1,73593
towns,2017,Bristol,64586,1,64586
towns,2017,Burlington,121635,1,121635
towns,2017,Canton,90594,1,90594
towns,2017,East Granby,93385,1,93385
towns,2017,East Hartford,52049,1,52049
towns,2017,East Windsor,75056,1,75056
towns,2017,Enfield,73494,1,73494
towns,2017,Farmington,94785,1,94785
towns,2017,Glastonbury,111645,1,111645
towns,2017,Granby,111220,1,111220
towns,2017,Hartford,33841,1,33841
towns,2017,Hartland,94569,1,94569
towns,2017,Manchester,67325,1,67325
towns,2017,Marlborough,110250,1,110250
towns,2017,New Britain,43611,1,43611
towns,2017,Newington,79181,1,79181
towns,2017,Plainville,62459,1,62459
towns,2017,Rocky Hill,79421,1,79421
towns,2017,Simsbury,116444,1,116444
towns,2017,Southington,90796,1,90796
towns,2017,South Windsor,105986,1,105986
towns,2017,Suffield,105777,1,105777
towns,2017,West Hartford,95298,1,95298
towns,2017,Wethersfield,81452,1,81452
towns,2017,Windsor,89565,1,89565
towns,2017,Windsor Locks,67072,1,67072
towns,2017,Barkhamsted,111198,1,111198
towns,2017,Bethlehem,91712,1,91712
towns,2017,Bridgewater,102250,1,102250
towns,2017,Canaan,77417,1,77417
towns,2017,Colebrook,84583,1,84583
towns,2017,Cornwall,76563,1,76563
towns,2017,Goshen,96026,1,96026
towns,2017,Harwinton,104205,1,104205
towns,2017,Kent,64464,1,64464
towns,2017,Litchfield,78375,1,78375
towns,2017,Morris,89107,1,89107
towns,2017,New Hartford,96291,1,96291
towns,2017,New Milford,83676,1,83676
towns,2017,Norfolk,74844,1,74844
towns,2017,North Canaan,72411,1,72411
towns,2017,Plymouth,73430,1,73430
towns,2017,Roxbury,119167,1,119167
towns,2017,Salisbury,83217,1,83217
towns,2017,Sharon,81442,1,81442
towns,2017,Thomaston,67639,1,67639
towns,2017,Torrington,61313,1,61313
towns,2017,Warren,98750,1,98750
towns,2017,Washington,93975,1,93975
towns,2017,Watertown,77946,1,77946
towns,2017,Winchester,57468,1,57468
towns,2017,Woodbury,82923,1,82923
towns,2017,Chester,86675,1,86675
towns,2017,Clinton,76509,1,76509
towns,2017,Cromwell,85856,1,85856
towns,2017,Deep River,69028,1,69028
towns,2017,Durham,116232,1,116232
towns,2017,East Haddam,78177,1,78177
towns,2017,East Hampton,99104,1,99104
towns,2017,Essex,87857,1,87857
towns,2017,Haddam,105920,1,105920
towns,2017,Killingworth,113413,1,113413
towns,2017,Middlefield,103844,1,103844
towns,2017,Middletown,63914,1,63914
towns,2017,Old Saybrook,74185,1,74185
towns,2017,Portland,88433,1,88433
towns,2017,Westbrook,95583,1,95583
towns,2017,Ansonia,45563,1,45563
towns,2017,Beacon Falls,88355,1,88355
towns,2017,Bethany,109844,1,109844
towns,2017,Branford,75366,1,75366
towns,2017,Cheshire,107579,1,107579
towns,2017,Derby,57432,1,57432
towns,2017,East Haven,63051,1,63051
towns,2017,Guilford,107587,1,107587
towns,2017,Hamden,74281,1,74281
towns,2017,Madison,108167,1,108167
towns,2017,Meriden,57350,1,57350
towns,2017,Middlebury,105036,1,105036
towns,2017,Milford,86382,1,86382
towns,2017,Naugatuck,63452,1,63452
towns,2017,New Haven,39191,1,39191
towns,2017,North Branford,83637,1,83637
towns,2017,North Haven,96273,1,96273
towns,2017,Orange,109538,1,109538
towns,2017,Oxford,104316,1,104316
towns,2017,Prospect,102617,1,102617
towns,2017,Seymour,75550,1,75550
towns,2017,Southbury,90324,1,90324
towns,2017,Wallingford,77128,1,77128
towns,2017,Waterbury,40879,1,40879
towns,2017,West Haven,55299,1,55299
towns,2017,Wolcott,87045,1,87045
towns,2017,Woodbridge,138320,1,138320
towns,2017,Bozrah,82500,1,82500
towns,2017,Colchester,101031,1,101031
towns,2017,East Lyme,83590,1,83590
towns,2017,Franklin,92279,1,92279
towns,2017,Griswold,60521,1,60521
towns,2017,Groton,63895,1,63895
towns,2017,Lebanon,93531,1,93531
towns,2017,Ledyard,88163,1,88163
towns,2017,Lisbon,85296,1,85296
towns,2017,Lyme,84922,1,84922
towns,2017,Montville,72639,1,72639
towns,2017,New London,37331,1,37331
towns,2017,North Stonington,84833,1,84833
towns,2017,Norwich,53682,1,53682
towns,2017,Old Lyme,95175,1,95175
towns,2017,Preston,74083,1,74083
towns,2017,Salem,106719,1,106719
towns,2017,Sprague,62178,1,62178
towns,2017,Stonington,78875,1,78875
towns,2017,Voluntown,81400,1,81400
towns,2017,Waterford,79175,1,79175
towns,2017,Andover,100507,1,100507
towns,2017,Bolton,101667,1,101667
towns,2017,Columbia,100179,1,100179
towns,2017,Coventry,88562,1,88562
towns,2017,Ellington,82507,1,82507
towns,2017,Hebron,104519,1,104519
towns,2017,Mansfield,58819,1,58819
towns,2017,Somers,101897,1,101897
towns,2017,Stafford,68813,1,68813
towns,2017,Tolland,112740,1,112740
towns,2017,Union,93750,1,93750
towns,2017,Vernon,60648,1,60648
towns,2017,Willington,75885,1,75885
towns,2017,Ashford,68846,1,68846
towns,2017,Brooklyn,75000,1,75000
towns,2017,Canterbury,89213,1,89213
towns,2017,Chaplin,76932,1,76932
towns,2017,Eastford,84375,1,84375
towns,2017,Hampton,74265,1,74265
towns,2017,Killingly,54868,1,54868
towns,2017,Plainfield,67409,1,67409
towns,2017,Pomfret,84457,1,84457
towns,2017,Putnam,58416,1,58416
towns,2017,Scotland,85714,1,85714
towns,2017,Sterling,75574,1,75574
towns,2017,Thompson,77267,1,77267
towns,2017,Windham,41293,1,41293
towns,2017,Woodstock,81441,1,81441
regions,1990,6 wealthiest Fairfield County,85985,NA,156850
regions,1990,Eastern cities,30060,NA,54835
regions,1990,Greater Bridgeport,41415,NA,75547
regions,1990,Greater Hartford,42052,NA,76709
regions,1990,Greater New Haven,39460,NA,71981
regions,1990,Greater Waterbury,41316,NA,75367
regions,1990,Hartford Inner Ring,43979,NA,80224
regions,1990,Hartford Outer Ring,52499,NA,95767
regions,1990,Litchfield County,43323,NA,79027
regions,1990,Lower Naugatuck Valley,42320,NA,77199
regions,1990,Middlesex County,43865,NA,80017
regions,1990,New Haven Inner Ring,38431,NA,70104
regions,1990,New Haven Outer Ring,50664,NA,92419
regions,1990,New London County,37780,NA,68916
regions,1990,Other New Haven County cities,38806,NA,70789
regions,1990,Tolland County,45129,NA,82322
regions,1990,Windham County,34038,NA,62091
regions,2000,6 wealthiest Fairfield County,130634,NA,186472
regions,2000,Eastern cities,39569,NA,56483
regions,2000,Greater Bridgeport,56691,NA,80923
regions,2000,Greater Hartford,53610,NA,76525
regions,2000,Greater New Haven,51498,NA,73510
regions,2000,Greater Waterbury,53683,NA,76629
regions,2000,Hartford Inner Ring,53648,NA,76580
regions,2000,Hartford Outer Ring,69336,NA,98973
regions,2000,Litchfield County,56402,NA,80511
regions,2000,Lower Naugatuck Valley,56041,NA,79996
regions,2000,Middlesex County,59412,NA,84807
regions,2000,New Haven Inner Ring,47606,NA,67955
regions,2000,New Haven Outer Ring,68912,NA,98367
regions,2000,New London County,51306,NA,73236
regions,2000,Other New Haven County cities,49163,NA,70177
regions,2000,Tolland County,59080,NA,84333
regions,2000,Windham County,45018,NA,64260
regions,2010,6 wealthiest Fairfield County,161058,NA,181467
regions,2010,Eastern cities,49814,NA,56126
regions,2010,Greater Bridgeport,70726,NA,79688
regions,2010,Greater Hartford,67723,NA,76304
regions,2010,Greater New Haven,65459,NA,73754
regions,2010,Greater Waterbury,67227,NA,75745
regions,2010,Hartford Inner Ring,67255,NA,75777
regions,2010,Hartford Outer Ring,88821,NA,100076
regions,2010,Litchfield County,70338,NA,79251
regions,2010,Lower Naugatuck Valley,70585,NA,79529
regions,2010,Middlesex County,74987,NA,84489
regions,2010,New Haven Inner Ring,59722,NA,67290
regions,2010,New Haven Outer Ring,87373,NA,98444
regions,2010,New London County,66841,NA,75310
regions,2010,Other New Haven County cities,61271,NA,69035
regions,2010,Tolland County,78017,NA,87903
regions,2010,Windham County,58022,NA,65374
regions,2017,6 wealthiest Fairfield County,181155,NA,181155
regions,2017,Eastern cities,51277,NA,51277
regions,2017,Greater Bridgeport,78709,NA,78709
regions,2017,Greater Hartford,75531,NA,75531
regions,2017,Greater New Haven,69812,NA,69812
regions,2017,Greater Waterbury,72247,NA,72247
regions,2017,Hartford Inner Ring,74833,NA,74833
regions,2017,Hartford Outer Ring,98077,NA,98077
regions,2017,Litchfield County,77371,NA,77371
regions,2017,Lower Naugatuck Valley,74358,NA,74358
regions,2017,Middlesex County,82446,NA,82446
regions,2017,New Haven Inner Ring,65044,NA,65044
regions,2017,New Haven Outer Ring,94251,NA,94251
regions,2017,New London County,70980,NA,70980
regions,2017,Other New Haven County cities,65537,NA,65537
regions,2017,Tolland County,81135,NA,81135
regions,2017,Windham County,64467,NA,64467
